,tc,a_50,k_50
0,1.0,1001.0,0.020760335900529836
1,1.0,1002.0,0.020760335900530058
2,1.0,1003.0,0.02076033590053017
3,1.0,1004.0,0.020760335900529947
4,1.0,1005.0,0.020760335900529947
5,1.0,1006.0,0.02076033590053017
6,1.0,1007.0,0.020760335900530502
7,1.0,1008.0,0.020760335900530502
8,1.0,1009.0,0.020760335900530502
9,1.0,1010.0,0.02076033590053039
10,1.0,1011.0,0.02076033590053039
11,1.0,1012.0,0.020760335900530613
12,1.0,1013.0,0.020760335900530724
13,1.0,1014.0,0.020760335900530613
14,1.0,1015.0,0.02076033590053039
15,1.0,1016.0,0.020760335900530613
16,1.0,1017.0,0.020760335900530835
17,1.0,1018.0,0.020760335900530946
18,1.0,1019.0,0.020760335900530946
19,1.0,1020.0,0.020760335900530946
20,1.0,1021.0,0.020760335900530835
21,1.0,1022.0,0.020760335900531057
22,1.0,1023.0,0.020760335900531057
23,1.0,1024.0,0.02076033590053117
24,1.0,1025.0,0.02076033590053117
25,1.0,1026.0,0.020760335900531057
26,1.0,1027.0,0.02076033590053117
27,1.0,1028.0,0.02076033590053117
28,1.0,1029.0,0.02076033590053139
29,1.0,1030.0,0.02076033590053128
30,1.0,1031.0,0.020760335900531057
31,1.0,1032.0,0.02076033590053117
32,1.0,1033.0,0.020760335900531057
33,1.0,1034.0,0.020760335900531057
34,1.0,1035.0,0.020760335900530946
35,1.0,1036.0,0.020760335900531057
36,1.0,1037.0,0.02076033590053117
37,1.0,1038.0,0.02076033590053117
38,1.0,1039.0,0.02076033590053117
39,1.0,1040.0,0.02076033590053117
40,1.0,1041.0,0.02076033590053128
41,1.0,1042.0,0.02076033590053128
42,1.0,1043.0,0.02076033590053139
43,1.0,1044.0,0.02076033590053139
44,1.0,1045.0,0.020760335900531612
45,1.0,1046.0,0.0207603359005315
46,1.0,1047.0,0.0207603359005315
47,1.0,1048.0,0.0207603359005315
48,1.0,1049.0,0.020760335900531612
49,1.0,1050.0,0.0207603359005315
50,1.0,1051.0,0.0207603359005315
51,1.0,1052.0,0.020760335900531612
52,1.0,1053.0,0.020760335900531723
53,1.0,1054.0,0.020760335900532056
54,1.0,1055.0,0.020760335900531834
55,1.0,1056.0,0.020760335900531834
56,1.0,1057.0,0.020760335900531834
57,1.0,1058.0,0.020760335900531945
58,1.0,1059.0,0.02076033590053239
59,1.0,1060.0,0.02076033590053239
60,1.0,1061.0,0.0207603359005325
61,1.0,1062.0,0.020760335900532167
62,1.0,1063.0,0.02076033590053228
63,1.0,1064.0,0.02076033590053261
64,1.0,1065.0,0.02076033590053261
65,1.0,1066.0,0.020760335900532723
66,1.0,1067.0,0.0207603359005325
67,1.0,1068.0,0.0207603359005325
68,1.0,1069.0,0.020760335900532834
69,1.0,1070.0,0.020760335900532834
70,1.0,1071.0,0.020760335900533167
71,1.0,1072.0,0.020760335900533056
72,1.0,1073.0,0.020760335900532834
73,1.0,1074.0,0.020760335900533056
74,1.0,1075.0,0.020760335900533278
75,1.0,1076.0,0.0207603359005335
76,1.0,1077.0,0.020760335900533833
77,1.0,1078.0,0.020760335900533833
78,1.0,1079.0,0.020760335900533833
79,1.0,1080.0,0.020760335900533722
80,1.0,1081.0,0.020760335900533833
81,1.0,1082.0,0.020760335900534166
82,1.0,1083.0,0.020760335900534055
83,1.0,1084.0,0.020760335900533944
84,1.0,1085.0,0.020760335900533833
85,1.0,1086.0,0.020760335900534055
86,1.0,1087.0,0.020760335900534166
87,1.0,1088.0,0.020760335900534166
88,1.0,1089.0,0.020760335900534055
89,1.0,1090.0,0.020760335900533944
90,1.0,1091.0,0.020760335900534166
91,1.0,1092.0,0.020760335900534277
92,1.0,1093.0,0.020760335900534388
93,1.0,1094.0,0.020760335900534277
94,1.0,1095.0,0.020760335900534055
95,1.0,1096.0,0.020760335900534277
96,1.0,1097.0,0.020760335900534388
97,1.0,1098.0,0.0207603359005345
98,1.0,1099.0,0.020760335900534388
99,1.0,1100.0,0.020760335900534166
100,1.0,1101.0,0.020760335900534277
101,1.0,1102.0,0.020760335900534388
102,1.0,1103.0,0.0207603359005345
103,1.0,1104.0,0.0207603359005345
104,1.0,1105.0,0.020760335900534277
105,1.0,1106.0,0.020760335900534388
106,1.0,1107.0,0.0207603359005345
107,1.0,1108.0,0.02076033590053461
108,1.0,1109.0,0.02076033590053461
109,1.0,1110.0,0.0207603359005345
110,1.0,1111.0,0.0207603359005345
111,1.0,1112.0,0.02076033590053461
112,1.0,1113.0,0.02076033590053472
113,1.0,1114.0,0.02076033590053472
114,1.0,1115.0,0.0207603359005345
115,1.0,1116.0,0.02076033590053461
116,1.0,1117.0,0.02076033590053472
117,1.0,1118.0,0.020760335900534832
118,1.0,1119.0,0.02076033590053472
119,1.0,1120.0,0.02076033590053472
120,1.0,1121.0,0.02076033590053472
121,1.0,1122.0,0.020760335900534943
122,1.0,1123.0,0.020760335900535054
123,0.9533333333333334,1124.0,0.020769120695868448
124,0.96,1125.0,0.020768831292820478
125,0.965,1126.0,0.02076884019406655
126,0.9666666666666667,1127.0,0.020768851126170995
127,0.9683333333333334,1128.0,0.020768854254209712
128,0.97,1129.0,0.02076885487744562
129,0.9716666666666667,1130.0,0.020768854881591636
130,0.9733333333333334,1131.0,0.020768854870176323
131,0.975,1132.0,0.020768854867845632
132,0.975,1133.0,0.020768854867545095
133,0.975,1134.0,0.02076885486755553
134,0.975,1135.0,0.02076885486756308
135,0.975,1136.0,0.02076885486756419
136,0.975,1137.0,0.020768854867564412
137,0.9766666666666667,1138.0,0.02076885486756419
138,0.9766666666666667,1139.0,0.0207688548675643
139,0.9783333333333334,1140.0,0.02076885486756408
140,0.98,1141.0,0.020768854867564412
141,0.9816666666666667,1142.0,0.02076885486756419
142,0.9833333333333333,1143.0,0.02076885486756419
143,0.985,1144.0,0.0207688548675643
144,0.9866666666666667,1145.0,0.02076885486756408
145,0.9866666666666667,1146.0,0.02076885486756419
146,0.9866666666666667,1147.0,0.02076885486756397
147,0.9883333333333333,1148.0,0.02076885486756408
148,0.99,1149.0,0.02076885486756397
149,0.9916666666666667,1150.0,0.020768854867563746
150,0.9933333333333333,1151.0,0.020768854867563746
151,0.9933333333333333,1152.0,0.020768854867563746
152,0.9933333333333333,1153.0,0.020768854867563635
153,0.995,1154.0,0.020768854867563635
154,0.9966666666666667,1155.0,0.020768854867563746
155,0.9966666666666667,1156.0,0.020768854867563857
156,0.9966666666666667,1157.0,0.020768854867563857
157,0.9983333333333333,1158.0,0.02076885486756397
158,1.0,1159.0,0.020768854867563746
159,1.0,1160.0,0.020768854867563857
160,1.0,1161.0,0.020768854867563857
161,1.0,1162.0,0.020768854867563857
162,1.0,1163.0,0.020768854867563857
163,1.0,1164.0,0.020768854867563857
164,1.0,1165.0,0.020768854867563857
165,1.0,1166.0,0.020768854867563635
166,1.0,1167.0,0.020768854867563857
167,1.0,1168.0,0.020768854867563635
168,1.0,1169.0,0.020768854867563524
169,1.0,1170.0,0.020768854867563635
170,1.0,1171.0,0.020768854867563635
171,1.0,1172.0,0.020768854867563746
172,1.0,1173.0,0.020768854867563746
173,1.0,1174.0,0.020768854867563746
174,1.0,1175.0,0.020768854867563524
175,1.0,1176.0,0.020768854867563413
176,1.0,1177.0,0.020768854867563413
177,1.0,1178.0,0.020768854867563413
178,1.0,1179.0,0.020768854867563413
179,1.0,1180.0,0.020768854867563302
180,1.0,1181.0,0.02076885486756319
181,1.0,1182.0,0.02076885486756319
182,1.0,1183.0,0.02076885486756319
183,1.0,1184.0,0.020768854867563302
184,1.0,1185.0,0.02076885486756319
185,1.0,1186.0,0.020768854867563302
186,1.0,1187.0,0.02076885486756319
187,1.0,1188.0,0.020768854867563524
188,1.0,1189.0,0.020768854867563302
189,1.0,1190.0,0.02076885486756308
190,1.0,1191.0,0.02076885486756319
191,1.0,1192.0,0.02076885486756308
192,1.0,1193.0,0.02076885486756308
193,1.0,1194.0,0.02076885486756319
194,1.0,1195.0,0.020768854867563302
195,1.0,1196.0,0.02076885486756319
196,1.0,1197.0,0.02076885486756297
197,1.0,1198.0,0.02076885486756297
198,1.0,1199.0,0.02076885486756297
199,1.0,1200.0,0.02076885486756297
200,1.0,1201.0,0.02076885486756308
201,1.0,1202.0,0.02076885486756319
202,1.0,1203.0,0.020768854867563302
203,1.0,1204.0,0.020768854867563413
204,1.0,1205.0,0.020768854867563302
205,1.0,1206.0,0.02076885486756308
206,1.0,1207.0,0.02076885486756308
207,1.0,1208.0,0.02076885486756297
208,1.0,1209.0,0.02076885486756308
209,1.0,1210.0,0.02076885486756297
210,1.0,1211.0,0.020768854867562858
211,1.0,1212.0,0.020768854867562858
212,1.0,1213.0,0.020768854867562747
213,1.0,1214.0,0.020768854867562747
214,1.0,1215.0,0.020768854867562858
215,1.0,1216.0,0.02076885486756297
216,1.0,1217.0,0.02076885486756297
217,1.0,1218.0,0.02076885486756308
218,1.0,1219.0,0.020768854867562858
219,1.0,1220.0,0.020768854867562858
220,1.0,1221.0,0.020768854867562858
221,1.0,1222.0,0.020768854867562747
222,1.0,1223.0,0.020768854867562858
223,1.0,1224.0,0.020768854867562858
224,1.0,1225.0,0.02076885486756297
225,1.0,1226.0,0.02076885486756297
226,1.0,1227.0,0.020768854867563302
227,1.0,1228.0,0.02076885486756319
228,1.0,1229.0,0.020768854867563413
229,1.0,1230.0,0.02076885486756319
230,1.0,1231.0,0.02076885486756308
231,1.0,1232.0,0.02076885486756308
232,1.0,1233.0,0.02076885486756308
233,1.0,1234.0,0.02076885486756319
234,1.0,1235.0,0.02076885486756319
235,1.0,1236.0,0.020768854867563302
236,1.0,1237.0,0.020768854867563302
237,1.0,1238.0,0.020768854867563302
238,1.0,1239.0,0.02076885486756319
239,1.0,1240.0,0.02076885486756319
240,1.0,1241.0,0.02076885486756319
241,1.0,1242.0,0.02076885486756319
242,1.0,1243.0,0.02076885486756319
243,1.0,1244.0,0.020768854867563302
244,1.0,1245.0,0.020768854867563413
245,1.0,1246.0,0.020768854867563302
246,1.0,1247.0,0.02076885486756308
247,1.0,1248.0,0.02076885486756308
248,1.0,1249.0,0.02076885486756308
249,1.0,1250.0,0.02076885486756308
250,1.0,1251.0,0.02076885486756319
251,1.0,1252.0,0.020768854867563302
252,1.0,1253.0,0.02076885486756319
253,1.0,1254.0,0.02076885486756308
254,1.0,1255.0,0.02076885486756319
255,1.0,1256.0,0.02076885486756297
256,1.0,1257.0,0.02076885486756297
257,1.0,1258.0,0.02076885486756297
258,1.0,1259.0,0.02076885486756308
259,1.0,1260.0,0.02076885486756308
260,1.0,1261.0,0.02076885486756297
261,1.0,1262.0,0.02076885486756297
262,1.0,1263.0,0.020768854867562747
263,1.0,1264.0,0.020768854867562858
264,1.0,1265.0,0.02076885486756297
265,1.0,1266.0,0.02076885486756308
266,1.0,1267.0,0.02076885486756308
267,1.0,1268.0,0.02076885486756297
268,1.0,1269.0,0.020768854867562858
269,1.0,1270.0,0.020768854867562747
270,1.0,1271.0,0.020768854867562747
271,1.0,1272.0,0.020768854867562858
272,1.0,1273.0,0.02076885486756297
273,1.0,1274.0,0.02076885486756297
274,1.0,1275.0,0.02076885486756308
275,1.0,1276.0,0.02076885486756308
276,1.0,1277.0,0.020768854867563302
277,1.0,1278.0,0.02076885486756319
278,1.0,1279.0,0.02076885486756297
279,1.0,1280.0,0.02076885486756297
280,1.0,1281.0,0.02076885486756297
281,1.0,1282.0,0.02076885486756297
282,1.0,1283.0,0.02076885486756308
283,1.0,1284.0,0.02076885486756319
284,1.0,1285.0,0.02076885486756319
285,1.0,1286.0,0.020768854867563302
286,1.0,1287.0,0.02076885486756319
287,1.0,1288.0,0.02076885486756308
288,1.0,1289.0,0.02076885486756308
289,1.0,1290.0,0.02076885486756308
290,1.0,1291.0,0.02076885486756319
291,1.0,1292.0,0.02076885486756319
292,1.0,1293.0,0.020768854867563302
293,1.0,1294.0,0.02076885486756319
294,1.0,1295.0,0.02076885486756308
295,1.0,1296.0,0.02076885486756308
296,1.0,1297.0,0.02076885486756297
297,1.0,1298.0,0.02076885486756308
298,1.0,1299.0,0.02076885486756308
299,1.0,1300.0,0.020768854867563302
300,1.0,1301.0,0.020768854867563302
301,1.0,1302.0,0.020768854867563413
302,1.0,1303.0,0.020768854867563524
303,1.0,1304.0,0.020768854867563635
304,1.0,1305.0,0.020768854867563524
305,1.0,1306.0,0.020768854867563635
306,1.0,1307.0,0.020768854867563413
307,1.0,1308.0,0.020768854867563413
308,1.0,1309.0,0.020768854867563413
309,1.0,1310.0,0.020768854867563413
310,1.0,1311.0,0.020768854867563413
311,1.0,1312.0,0.020768854867563413
312,1.0,1313.0,0.02076885486756319
313,1.0,1314.0,0.02076885486756319
314,1.0,1315.0,0.02076885486756319
315,1.0,1316.0,0.02076885486756319
316,1.0,1317.0,0.020768854867563302
317,1.0,1318.0,0.020768854867563413
318,1.0,1319.0,0.02076885486756319
319,1.0,1320.0,0.020768854867562747
320,1.0,1321.0,0.020768854867562858
321,1.0,1322.0,0.020768854867562858
322,1.0,1323.0,0.02076885486756308
323,1.0,1324.0,0.02076885486756308
324,1.0,1325.0,0.02076885486756319
325,1.0,1326.0,0.02076885486756319
326,1.0,1327.0,0.02076885486756297
327,1.0,1328.0,0.02076885486756308
328,1.0,1329.0,0.020768854867562858
329,1.0,1330.0,0.02076885486756297
330,1.0,1331.0,0.02076885486756308
331,1.0,1332.0,0.02076885486756319
332,1.0,1333.0,0.02076885486756319
333,1.0,1334.0,0.020768854867563302
334,1.0,1335.0,0.020768854867563413
335,1.0,1336.0,0.020768854867563635
336,1.0,1337.0,0.020768854867563413
337,1.0,1338.0,0.020768854867563413
338,1.0,1339.0,0.020768854867563302
339,1.0,1340.0,0.020768854867563302
340,1.0,1341.0,0.020768854867563413
341,1.0,1342.0,0.020768854867563302
342,1.0,1343.0,0.020768854867563413
343,1.0,1344.0,0.020768854867563302
344,1.0,1345.0,0.020768854867563524
345,1.0,1346.0,0.020768854867563413
346,1.0,1347.0,0.02076885486756319
347,1.0,1348.0,0.020768854867563302
348,1.0,1349.0,0.020768854867563302
349,1.0,1350.0,0.020768854867563413
350,1.0,1351.0,0.020768854867563302
351,1.0,1352.0,0.020768854867563413
352,1.0,1353.0,0.020768854867563302
353,1.0,1354.0,0.02076885486756319
354,1.0,1355.0,0.020768854867563302
355,1.0,1356.0,0.02076885486756308
356,1.0,1357.0,0.02076885486756319
357,1.0,1358.0,0.020768854867563302
358,1.0,1359.0,0.020768854867563524
359,1.0,1360.0,0.020768854867563302
360,1.0,1361.0,0.020768854867563302
361,1.0,1362.0,0.020768854867563302
362,1.0,1363.0,0.02076885486756319
363,1.0,1364.0,0.020768854867563302
364,1.0,1365.0,0.02076885486756319
365,1.0,1366.0,0.02076885486756319
366,1.0,1367.0,0.020768854867563302
367,1.0,1368.0,0.020768854867563524
368,1.0,1369.0,0.020768854867563413
369,1.0,1370.0,0.020768854867563413
370,1.0,1371.0,0.020768854867563413
371,1.0,1372.0,0.02076885486756319
372,1.0,1373.0,0.02076885486756319
373,1.0,1374.0,0.02076885486756308
374,1.0,1375.0,0.020768854867563302
375,1.0,1376.0,0.02076885486756319
376,1.0,1377.0,0.02076885486756308
377,1.0,1378.0,0.02076885486756308
378,1.0,1379.0,0.020768854867562858
379,1.0,1380.0,0.02076885486756297
380,1.0,1381.0,0.02076885486756308
381,1.0,1382.0,0.020768854867563302
382,1.0,1383.0,0.02076885486756308
383,1.0,1384.0,0.020768854867562858
384,1.0,1385.0,0.02076885486756297
385,1.0,1386.0,0.02076885486756297
386,1.0,1387.0,0.02076885486756297
387,1.0,1388.0,0.020768854867562858
388,1.0,1389.0,0.020768854867562636
389,1.0,1390.0,0.020768854867562858
390,1.0,1391.0,0.020768854867562858
391,1.0,1392.0,0.020768854867562858
392,1.0,1393.0,0.020768854867562636
393,1.0,1394.0,0.02076885486756297
394,1.0,1395.0,0.02076885486756297
395,1.0,1396.0,0.02076885486756308
396,1.0,1397.0,0.020768854867562858
397,1.0,1398.0,0.020768854867562747
398,1.0,1399.0,0.02076885486756297
399,1.0,1400.0,0.02076885486756297
400,1.0,1401.0,0.02076885486756297
401,1.0,1402.0,0.020768854867562747
402,1.0,1403.0,0.020768854867562858
403,1.0,1404.0,0.02076885486756297
404,1.0,1405.0,0.02076885486756319
405,1.0,1406.0,0.02076885486756297
406,1.0,1407.0,0.02076885486756308
407,1.0,1408.0,0.02076885486756319
408,1.0,1409.0,0.02076885486756308
409,1.0,1410.0,0.02076885486756308
410,1.0,1411.0,0.020768854867562747
411,1.0,1412.0,0.020768854867562858
412,1.0,1413.0,0.02076885486756297
413,1.0,1414.0,0.02076885486756308
414,1.0,1415.0,0.020768854867562858
415,1.0,1416.0,0.020768854867562747
416,1.0,1417.0,0.02076885486756297
417,1.0,1418.0,0.02076885486756297
418,1.0,1419.0,0.02076885486756297
419,1.0,1420.0,0.020768854867562858
420,1.0,1421.0,0.02076885486756319
421,1.0,1422.0,0.02076885486756308
422,1.0,1423.0,0.020768854867563413
423,1.0,1424.0,0.02076885486756319
424,1.0,1425.0,0.020768854867562858
425,1.0,1426.0,0.02076885486756297
426,1.0,1427.0,0.02076885486756308
427,1.0,1428.0,0.02076885486756319
428,1.0,1429.0,0.02076885486756297
429,1.0,1430.0,0.02076885486756308
430,1.0,1431.0,0.02076885486756308
431,1.0,1432.0,0.02076885486756308
432,1.0,1433.0,0.02076885486756308
433,1.0,1434.0,0.020768854867562636
434,1.0,1435.0,0.020768854867562858
435,1.0,1436.0,0.020768854867562858
436,1.0,1437.0,0.020768854867562747
437,1.0,1438.0,0.020768854867562636
438,1.0,1439.0,0.020768854867562303
439,1.0,1440.0,0.020768854867562636
440,1.0,1441.0,0.020768854867562747
441,1.0,1442.0,0.020768854867562858
442,1.0,1443.0,0.020768854867562747
443,1.0,1444.0,0.020768854867562747
444,1.0,1445.0,0.020768854867562747
445,1.0,1446.0,0.020768854867562636
446,1.0,1447.0,0.020768854867562747
447,1.0,1448.0,0.020768854867562414
448,1.0,1449.0,0.020768854867562414
449,1.0,1450.0,0.020768854867562414
450,1.0,1451.0,0.020768854867562414
451,1.0,1452.0,0.020768854867562414
452,1.0,1453.0,0.020768854867562192
453,1.0,1454.0,0.020768854867562192
454,1.0,1455.0,0.020768854867562192
455,1.0,1456.0,0.02076885486756208
456,1.0,1457.0,0.02076885486756208
457,1.0,1458.0,0.02076885486756186
458,1.0,1459.0,0.02076885486756197
459,1.0,1460.0,0.020768854867562192
460,1.0,1461.0,0.02076885486756197
461,1.0,1462.0,0.02076885486756197
462,1.0,1463.0,0.02076885486756208
463,1.0,1464.0,0.020768854867562192
464,1.0,1465.0,0.02076885486756208
465,1.0,1466.0,0.02076885486756208
466,1.0,1467.0,0.02076885486756197
467,1.0,1468.0,0.02076885486756197
468,1.0,1469.0,0.02076885486756197
469,1.0,1470.0,0.02076885486756208
470,1.0,1471.0,0.02076885486756197
471,1.0,1472.0,0.02076885486756197
472,1.0,1473.0,0.02076885486756208
473,1.0,1474.0,0.02076885486756197
474,1.0,1475.0,0.020768854867562192
475,1.0,1476.0,0.02076885486756208
476,1.0,1477.0,0.020768854867562414
477,1.0,1478.0,0.020768854867562414
478,1.0,1479.0,0.020768854867562525
479,1.0,1480.0,0.020768854867562303
480,1.0,1481.0,0.020768854867562192
481,1.0,1482.0,0.020768854867562303
482,1.0,1483.0,0.020768854867562192
483,1.0,1484.0,0.020768854867562303
484,1.0,1485.0,0.020768854867562192
485,1.0,1486.0,0.020768854867562525
486,1.0,1487.0,0.020768854867562414
487,1.0,1488.0,0.020768854867562636
488,1.0,1489.0,0.020768854867562414
489,1.0,1490.0,0.020768854867562303
490,1.0,1491.0,0.020768854867562414
491,1.0,1492.0,0.020768854867562303
492,1.0,1493.0,0.020768854867562303
493,1.0,1494.0,0.020768854867562192
494,1.0,1495.0,0.020768854867562636
495,1.0,1496.0,0.020768854867562525
496,1.0,1497.0,0.020768854867562747
497,1.0,1498.0,0.020768854867562414
498,1.0,1499.0,0.020768854867562192
499,1.0,1500.0,0.020768854867562303
500,1.0,1501.0,0.020768854867562303
501,1.0,1502.0,0.020768854867562414
502,1.0,1503.0,0.020768854867562192
503,1.0,1504.0,0.020768854867562414
504,1.0,1505.0,0.020768854867562525
505,1.0,1506.0,0.020768854867562414
506,1.0,1507.0,0.020768854867562414
507,1.0,1508.0,0.020768854867562192
508,1.0,1509.0,0.020768854867562525
509,1.0,1510.0,0.020768854867562303
510,1.0,1511.0,0.020768854867562636
511,1.0,1512.0,0.020768854867562303
512,1.0,1513.0,0.020768854867562414
513,1.0,1514.0,0.020768854867562525
514,1.0,1515.0,0.020768854867562636
515,1.0,1516.0,0.020768854867562636
516,1.0,1517.0,0.020768854867562525
517,1.0,1518.0,0.020768854867562636
518,1.0,1519.0,0.020768854867562414
519,1.0,1520.0,0.020768854867562525
520,1.0,1521.0,0.020768854867562414
521,1.0,1522.0,0.020768854867562303
522,1.0,1523.0,0.020768854867562303
523,1.0,1524.0,0.020768854867562303
524,1.0,1525.0,0.020768854867562303
525,1.0,1526.0,0.020768854867562192
526,1.0,1527.0,0.02076885486756208
527,1.0,1528.0,0.02076885486756208
528,1.0,1529.0,0.02076885486756197
529,1.0,1530.0,0.02076885486756208
530,1.0,1531.0,0.02076885486756197
531,1.0,1532.0,0.02076885486756186
532,1.0,1533.0,0.02076885486756186
533,1.0,1534.0,0.02076885486756186
534,1.0,1535.0,0.020768854867561748
535,1.0,1536.0,0.02076885486756186
536,1.0,1537.0,0.02076885486756197
537,1.0,1538.0,0.02076885486756186
538,1.0,1539.0,0.020768854867561748
539,1.0,1540.0,0.020768854867561748
540,1.0,1541.0,0.02076885486756186
541,1.0,1542.0,0.02076885486756186
542,1.0,1543.0,0.02076885486756197
543,1.0,1544.0,0.02076885486756208
544,1.0,1545.0,0.02076885486756197
545,1.0,1546.0,0.02076885486756208
546,1.0,1547.0,0.02076885486756197
547,1.0,1548.0,0.020768854867562192
548,1.0,1549.0,0.02076885486756208
549,1.0,1550.0,0.02076885486756197
550,0.9483333333333334,1551.0,0.020757948508566493
551,0.96,1552.0,0.02075790553502277
552,0.965,1553.0,0.020757786376324083
553,0.9666666666666667,1554.0,0.02075777907934695
554,0.9683333333333334,1555.0,0.020757776111026693
555,0.97,1556.0,0.02075777563926129
556,0.9716666666666667,1557.0,0.020757775619685392
557,0.9733333333333334,1558.0,0.020757775626530917
558,0.9733333333333334,1559.0,0.02075777562820924
559,0.9733333333333334,1560.0,0.020757775628445274
560,0.975,1561.0,0.020757775628455155
561,0.975,1562.0,0.020757775628451824
562,0.975,1563.0,0.020757775628451047
563,0.9766666666666667,1564.0,0.020757775628450825
564,0.9783333333333334,1565.0,0.020757775628450603
565,0.9783333333333334,1566.0,0.020757775628450603
566,0.98,1567.0,0.020757775628450825
567,0.9816666666666667,1568.0,0.020757775628450825
568,0.9816666666666667,1569.0,0.020757775628450936
569,0.9816666666666667,1570.0,0.020757775628450936
570,0.9833333333333333,1571.0,0.020757775628450714
571,0.9833333333333333,1572.0,0.020757775628450714
572,0.985,1573.0,0.020757775628450714
573,0.985,1574.0,0.020757775628450714
574,0.9866666666666667,1575.0,0.020757775628450603
575,0.9866666666666667,1576.0,0.020757775628450603
576,0.9866666666666667,1577.0,0.020757775628450492
577,0.9866666666666667,1578.0,0.020757775628450603
578,0.9866666666666667,1579.0,0.020757775628450603
579,0.9883333333333333,1580.0,0.020757775628450714
580,0.99,1581.0,0.020757775628450603
581,0.9916666666666667,1582.0,0.020757775628450714
582,0.9933333333333333,1583.0,0.020757775628450603
583,0.995,1584.0,0.020757775628450492
584,0.995,1585.0,0.02075777562845038
585,0.9966666666666667,1586.0,0.02075777562845038
586,0.9966666666666667,1587.0,0.020757775628450492
587,0.9983333333333333,1588.0,0.02075777562845027
588,1.0,1589.0,0.02075777562845027
589,1.0,1590.0,0.02075777562845027
590,1.0,1591.0,0.02075777562845027
591,1.0,1592.0,0.020757775628450048
592,1.0,1593.0,0.02075777562845016
593,1.0,1594.0,0.02075777562845027
594,0.9483333333333334,1594.0,0.020752219242093473
595,0.9566666666666667,1595.0,0.020751859726076627
596,0.9633333333333334,1596.0,0.02075181945973148
597,0.9666666666666667,1597.0,0.020751823851393847
598,0.9683333333333334,1598.0,0.020751822201155123
599,0.97,1599.0,0.020751822079080662
600,0.9716666666666667,1600.0,0.020751822080974147
601,0.9733333333333334,1601.0,0.02075182208497539
602,0.9733333333333334,1602.0,0.020751822086026217
603,0.975,1603.0,0.020751822086096938
604,0.9766666666666667,1604.0,0.020751822086100824
605,0.9766666666666667,1605.0,0.020751822086097937
606,0.9783333333333334,1606.0,0.020751822086097382
607,0.9783333333333334,1607.0,0.020751822086097382
608,0.98,1608.0,0.020751822086097715
609,0.9816666666666667,1609.0,0.020751822086097937
610,0.9816666666666667,1610.0,0.02075182208609827
611,0.9816666666666667,1611.0,0.020751822086098493
612,0.9833333333333333,1612.0,0.020751822086098715
613,0.9833333333333333,1613.0,0.020751822086098937
614,0.985,1614.0,0.020751822086099048
615,0.985,1615.0,0.02075182208609927
616,0.9866666666666667,1616.0,0.020751822086098937
617,0.9883333333333333,1617.0,0.020751822086098826
618,0.99,1618.0,0.020751822086098826
619,0.9916666666666667,1619.0,0.020751822086099048
620,0.9916666666666667,1620.0,0.020751822086099048
621,0.9933333333333333,1621.0,0.020751822086099048
622,0.9933333333333333,1622.0,0.020751822086098937
623,0.995,1623.0,0.02075182208609916
624,0.9966666666666667,1624.0,0.02075182208609927
625,0.9983333333333333,1625.0,0.020751822086099492
626,0.9983333333333333,1626.0,0.020751822086099603
627,1.0,1627.0,0.020751822086099603
628,1.0,1628.0,0.020751822086099936
629,1.0,1629.0,0.020751822086099936
630,1.0,1630.0,0.020751822086099603
631,1.0,1631.0,0.020751822086099603
632,1.0,1632.0,0.020751822086099714
633,1.0,1633.0,0.020751822086099936
634,1.0,1634.0,0.02075182208610027
635,1.0,1635.0,0.02075182208610038
636,1.0,1636.0,0.02075182208610038
637,1.0,1637.0,0.020751822086100602
638,1.0,1638.0,0.020751822086100824
639,1.0,1639.0,0.020751822086101046
640,1.0,1640.0,0.02075182208610138
641,1.0,1641.0,0.0207518220861016
642,1.0,1642.0,0.020751822086101934
643,1.0,1643.0,0.020751822086102267
644,1.0,1644.0,0.02075182208610249
645,1.0,1645.0,0.02075182208610271
646,1.0,1646.0,0.020751822086102822
647,1.0,1647.0,0.020751822086103044
648,1.0,1648.0,0.020751822086103267
649,1.0,1649.0,0.02075182208610349
650,1.0,1650.0,0.020751822086103378
651,1.0,1651.0,0.020751822086103044
652,1.0,1652.0,0.020751822086103044
653,1.0,1653.0,0.020751822086103155
654,1.0,1654.0,0.020751822086103378
655,1.0,1655.0,0.0207518220861036
656,1.0,1656.0,0.020751822086103933
657,1.0,1657.0,0.020751822086104044
658,1.0,1658.0,0.020751822086104266
659,1.0,1659.0,0.020751822086104488
660,1.0,1660.0,0.02075182208610471
661,1.0,1661.0,0.02075182208610482
662,1.0,1662.0,0.02075182208610482
663,1.0,1663.0,0.0207518220861046
664,1.0,1664.0,0.020751822086104488
665,1.0,1665.0,0.0207518220861046
666,1.0,1666.0,0.02075182208610482
667,1.0,1667.0,0.020751822086105154
668,1.0,1668.0,0.020751822086105265
669,1.0,1669.0,0.020751822086105487
670,1.0,1670.0,0.02075182208610571
671,1.0,1671.0,0.02075182208610593
672,1.0,1672.0,0.02075182208610593
673,1.0,1673.0,0.020751822086106153
674,1.0,1674.0,0.020751822086106597
675,1.0,1675.0,0.020751822086106708
676,1.0,1676.0,0.02075182208610693
677,1.0,1677.0,0.020751822086107263
678,1.0,1678.0,0.020751822086107374
679,1.0,1679.0,0.020751822086107374
680,1.0,1680.0,0.020751822086107596
681,1.0,1681.0,0.02075182208610782
682,1.0,1682.0,0.02075182208610793
683,1.0,1683.0,0.02075182208610782
684,1.0,1684.0,0.020751822086107596
685,1.0,1685.0,0.020751822086107707
686,1.0,1686.0,0.02075182208610793
687,1.0,1687.0,0.020751822086108263
688,1.0,1688.0,0.020751822086108374
689,1.0,1689.0,0.020751822086108596
690,1.0,1690.0,0.020751822086108818
691,1.0,1691.0,0.02075182208610893
692,1.0,1692.0,0.02075182208610915
693,1.0,1693.0,0.02075182208610926
694,1.0,1694.0,0.020751822086109484
695,1.0,1695.0,0.020751822086109706
696,1.0,1696.0,0.02075182208611004
697,1.0,1697.0,0.02075182208611026
698,1.0,1698.0,0.020751822086110483
699,1.0,1699.0,0.020751822086110594
700,1.0,1700.0,0.020751822086110816
701,1.0,1701.0,0.020751822086111038
702,1.0,1702.0,0.02075182208611126
703,1.0,1703.0,0.02075182208611126
704,1.0,1704.0,0.020751822086110927
705,1.0,1705.0,0.020751822086110816
706,1.0,1706.0,0.020751822086110816
707,1.0,1707.0,0.020751822086111038
708,1.0,1708.0,0.02075182208611137
709,1.0,1709.0,0.020751822086111593
710,1.0,1710.0,0.020751822086111926
711,1.0,1711.0,0.02075182208611226
712,1.0,1712.0,0.02075182208611237
713,1.0,1713.0,0.020751822086112592
714,1.0,1714.0,0.020751822086112703
715,1.0,1715.0,0.020751822086112925
716,1.0,1716.0,0.020751822086113147
717,1.0,1717.0,0.02075182208611337
718,1.0,1718.0,0.02075182208611337
719,1.0,1719.0,0.02075182208611359
720,1.0,1720.0,0.020751822086113814
721,1.0,1721.0,0.020751822086114036
722,1.0,1722.0,0.020751822086114036
723,1.0,1723.0,0.02075182208611448
724,1.0,1724.0,0.020751822086114702
725,1.0,1725.0,0.020751822086114813
726,1.0,1726.0,0.020751822086114813
727,1.0,1727.0,0.020751822086114813
728,1.0,1728.0,0.02075182208611459
729,1.0,1729.0,0.02075182208611459
730,1.0,1730.0,0.020751822086114702
731,1.0,1731.0,0.020751822086114924
732,1.0,1732.0,0.020751822086115146
733,1.0,1733.0,0.02075182208611548
734,1.0,1734.0,0.02075182208611559
735,1.0,1735.0,0.020751822086115812
736,1.0,1736.0,0.020751822086116034
737,1.0,1737.0,0.020751822086116145
738,1.0,1738.0,0.020751822086116256
739,1.0,1739.0,0.020751822086116478
740,1.0,1740.0,0.02075182208611659
741,1.0,1741.0,0.0207518220861167
742,1.0,1742.0,0.020751822086117033
743,1.0,1743.0,0.020751822086117366
744,1.0,1744.0,0.0207518220861177
745,1.0,1745.0,0.020751822086118032
746,1.0,1746.0,0.020751822086118366
747,1.0,1747.0,0.0207518220861187
748,1.0,1748.0,0.0207518220861187
749,1.0,1749.0,0.020751822086118588
750,1.0,1750.0,0.020751822086118366
751,1.0,1751.0,0.020751822086118032
752,1.0,1752.0,0.020751822086118143
753,1.0,1753.0,0.020751822086118143
754,1.0,1754.0,0.020751822086118366
755,1.0,1755.0,0.0207518220861187
756,1.0,1756.0,0.02075182208611892
757,1.0,1757.0,0.020751822086119254
758,1.0,1758.0,0.020751822086119476
759,1.0,1759.0,0.020751822086119587
760,1.0,1760.0,0.020751822086119698
761,1.0,1761.0,0.020751822086119698
762,1.0,1762.0,0.02075182208611981
763,1.0,1763.0,0.020751822086120142
764,1.0,1764.0,0.020751822086120364
765,1.0,1765.0,0.020751822086120586
766,1.0,1766.0,0.020751822086120808
767,1.0,1767.0,0.02075182208612114
768,1.0,1768.0,0.020751822086121363
769,1.0,1769.0,0.020751822086121585
770,1.0,1770.0,0.020751822086121696
771,1.0,1771.0,0.020751822086121807
772,1.0,1772.0,0.020751822086121696
773,1.0,1773.0,0.020751822086121807
774,1.0,1774.0,0.020751822086121696
775,1.0,1775.0,0.020751822086121585
776,1.0,1776.0,0.020751822086121585
777,1.0,1777.0,0.020751822086121585
778,1.0,1778.0,0.020751822086121807
779,1.0,1779.0,0.02075182208612203
780,1.0,1780.0,0.02075182208612225
781,1.0,1781.0,0.020751822086122473
782,1.0,1782.0,0.020751822086122695
783,1.0,1783.0,0.020751822086122917
784,1.0,1784.0,0.02075182208612303
785,1.0,1785.0,0.02075182208612314
786,1.0,1786.0,0.020751822086122917
787,1.0,1787.0,0.020751822086122806
788,1.0,1788.0,0.020751822086122917
789,1.0,1789.0,0.020751822086122917
790,1.0,1790.0,0.02075182208612303
791,1.0,1791.0,0.02075182208612325
792,1.0,1792.0,0.020751822086123584
793,1.0,1793.0,0.020751822086123695
794,0.9533333333333334,1794.0,0.02075788892634456
795,0.9616666666666667,1795.0,0.02075797455954731
796,0.965,1796.0,0.020758044798030117
797,0.9666666666666667,1797.0,0.020758057986402845
798,0.9683333333333334,1798.0,0.020758058720917294
799,0.97,1799.0,0.02075805903284078
800,0.9716666666666667,1800.0,0.020758059038341714
801,0.9733333333333334,1801.0,0.02075805903647876
802,0.975,1802.0,0.020758059035195897
803,0.9766666666666667,1803.0,0.02075805903503003
804,0.9783333333333334,1804.0,0.020758059035017373
805,0.9783333333333334,1805.0,0.020758059035017484
806,0.98,1806.0,0.020758059035018372
807,0.9816666666666667,1807.0,0.020758059035018372
808,0.9833333333333333,1808.0,0.020758059035018595
809,0.985,1809.0,0.020758059035018483
810,0.985,1810.0,0.020758059035018372
811,0.985,1811.0,0.020758059035018595
812,0.985,1812.0,0.020758059035018595
813,0.985,1813.0,0.020758059035018817
814,0.985,1814.0,0.020758059035018706
815,0.985,1815.0,0.020758059035018483
816,0.9866666666666667,1816.0,0.020758059035018706
817,0.9866666666666667,1817.0,0.020758059035018483
818,0.9883333333333333,1818.0,0.02075805903501826
819,0.99,1819.0,0.020758059035018595
820,0.9916666666666667,1820.0,0.020758059035018817
821,0.9916666666666667,1821.0,0.02075805903501904
822,0.9916666666666667,1822.0,0.020758059035018817
823,0.9916666666666667,1823.0,0.020758059035018706
824,0.9933333333333333,1824.0,0.020758059035018928
825,0.995,1825.0,0.02075805903501904
826,0.9966666666666667,1826.0,0.02075805903501915
827,0.9966666666666667,1827.0,0.02075805903501904
828,0.9983333333333333,1828.0,0.02075805903501904
829,0.95,1829.0,0.020761029454487323
830,0.9583333333333334,1830.0,0.020760904800609215
831,0.9633333333333334,1831.0,0.02076094129338346
832,0.9666666666666667,1832.0,0.020760946861037133
833,0.9683333333333334,1833.0,0.020760948288533476
834,0.97,1834.0,0.020760948390114886
835,0.9716666666666667,1835.0,0.02076094838682463
836,0.9733333333333334,1836.0,0.020760948383397815
837,0.975,1837.0,0.020760948382692712
838,0.9766666666666667,1838.0,0.020760948382625433
839,0.9766666666666667,1839.0,0.02076094838262388
840,0.9783333333333334,1840.0,0.02076094838262521
841,0.98,1841.0,0.020760948382625433
842,0.9816666666666667,1842.0,0.020760948382625433
843,0.9833333333333333,1843.0,0.020760948382625433
844,0.9833333333333333,1844.0,0.020760948382625766
845,0.985,1845.0,0.020760948382625655
846,0.9866666666666667,1846.0,0.020760948382625766
847,0.9883333333333333,1847.0,0.020760948382625655
848,0.99,1848.0,0.020760948382625544
849,0.9916666666666667,1849.0,0.020760948382625877
850,0.9916666666666667,1850.0,0.020760948382625766
851,0.9933333333333333,1851.0,0.020760948382625877
852,0.9933333333333333,1852.0,0.020760948382625877
853,0.995,1853.0,0.020760948382625655
854,0.9966666666666667,1854.0,0.020760948382625988
855,0.9983333333333333,1855.0,0.020760948382625988
856,0.9983333333333333,1856.0,0.020760948382625988
857,1.0,1857.0,0.020760948382625877
858,1.0,1858.0,0.020760948382625655
859,1.0,1859.0,0.020760948382625877
860,1.0,1860.0,0.020760948382625877
861,1.0,1861.0,0.020760948382625766
862,1.0,1862.0,0.020760948382625877
863,1.0,1863.0,0.020760948382625766
864,1.0,1864.0,0.020760948382625766
865,1.0,1865.0,0.020760948382625988
866,1.0,1866.0,0.020760948382625988
867,1.0,1867.0,0.0207609483826261
868,1.0,1868.0,0.0207609483826261
869,1.0,1869.0,0.02076094838262621
870,1.0,1870.0,0.02076094838262621
871,1.0,1871.0,0.02076094838262632
872,1.0,1872.0,0.02076094838262632
873,1.0,1873.0,0.0207609483826261
874,1.0,1874.0,0.02076094838262632
875,1.0,1875.0,0.02076094838262621
876,1.0,1876.0,0.02076094838262621
877,1.0,1877.0,0.02076094838262621
878,1.0,1878.0,0.0207609483826261
879,1.0,1879.0,0.02076094838262621
880,1.0,1880.0,0.02076094838262621
881,1.0,1881.0,0.0207609483826261
882,1.0,1882.0,0.02076094838262632
883,1.0,1883.0,0.0207609483826261
884,1.0,1884.0,0.02076094838262632
885,1.0,1885.0,0.02076094838262632
886,1.0,1886.0,0.02076094838262632
887,1.0,1887.0,0.02076094838262621
888,1.0,1888.0,0.02076094838262621
889,1.0,1889.0,0.0207609483826261
890,1.0,1890.0,0.0207609483826261
891,1.0,1891.0,0.02076094838262621
892,1.0,1892.0,0.020760948382625877
893,1.0,1893.0,0.020760948382625766
894,1.0,1894.0,0.020760948382625655
895,1.0,1895.0,0.020760948382625544
896,1.0,1896.0,0.020760948382625433
897,1.0,1897.0,0.020760948382625766
898,1.0,1898.0,0.020760948382625544
899,1.0,1899.0,0.020760948382625433
900,1.0,1900.0,0.020760948382625544
901,1.0,1901.0,0.020760948382625544
902,1.0,1902.0,0.020760948382625766
903,1.0,1903.0,0.020760948382625655
904,1.0,1904.0,0.020760948382625544
905,1.0,1905.0,0.020760948382625655
906,1.0,1906.0,0.020760948382625544
907,1.0,1907.0,0.020760948382625433
908,1.0,1908.0,0.020760948382625544
909,1.0,1909.0,0.020760948382625433
910,1.0,1910.0,0.020760948382625544
911,1.0,1911.0,0.020760948382625544
912,1.0,1912.0,0.02076094838262532
913,1.0,1913.0,0.020760948382625655
914,1.0,1914.0,0.020760948382625655
915,1.0,1915.0,0.020760948382625766
916,1.0,1916.0,0.020760948382625766
917,1.0,1917.0,0.020760948382625766
918,1.0,1918.0,0.020760948382625988
919,1.0,1919.0,0.020760948382625988
920,1.0,1920.0,0.020760948382625988
921,1.0,1921.0,0.020760948382625877
922,1.0,1922.0,0.020760948382625988
923,1.0,1923.0,0.02076094838262621
924,1.0,1924.0,0.02076094838262632
925,1.0,1925.0,0.02076094838262632
926,1.0,1926.0,0.020760948382626432
927,1.0,1927.0,0.020760948382626543
928,1.0,1928.0,0.02076094838262632
929,1.0,1929.0,0.020760948382626432
930,1.0,1930.0,0.020760948382626432
931,1.0,1931.0,0.020760948382626543
932,1.0,1932.0,0.020760948382626654
933,1.0,1933.0,0.020760948382626543
934,1.0,1934.0,0.020760948382626543
935,1.0,1935.0,0.020760948382626543
936,1.0,1936.0,0.020760948382626765
937,1.0,1937.0,0.020760948382626876
938,1.0,1938.0,0.020760948382626654
939,1.0,1939.0,0.020760948382626765
940,1.0,1940.0,0.020760948382626765
941,1.0,1941.0,0.020760948382626876
942,1.0,1942.0,0.020760948382626987
943,1.0,1943.0,0.020760948382627098
944,1.0,1944.0,0.020760948382627098
945,1.0,1945.0,0.02076094838262732
946,1.0,1946.0,0.02076094838262743
947,1.0,1947.0,0.02076094838262743
948,1.0,1948.0,0.02076094838262743
949,1.0,1949.0,0.02076094838262732
950,1.0,1950.0,0.02076094838262732
951,1.0,1951.0,0.020760948382627542
952,1.0,1952.0,0.020760948382627653
953,1.0,1953.0,0.020760948382627542
954,1.0,1954.0,0.02076094838262743
955,1.0,1955.0,0.020760948382627653
956,1.0,1956.0,0.020760948382627764
957,1.0,1957.0,0.020760948382627875
958,1.0,1958.0,0.020760948382627764
959,1.0,1959.0,0.020760948382627875
960,1.0,1960.0,0.020760948382627986
961,1.0,1961.0,0.020760948382627986
962,1.0,1962.0,0.020760948382628097
963,1.0,1963.0,0.020760948382627986
964,1.0,1964.0,0.020760948382627986
965,1.0,1965.0,0.020760948382628208
966,1.0,1966.0,0.02076094838262843
967,1.0,1967.0,0.02076094838262843
968,1.0,1968.0,0.020760948382628652
969,1.0,1969.0,0.020760948382628652
970,1.0,1970.0,0.020760948382628985
971,1.0,1971.0,0.020760948382629207
972,1.0,1972.0,0.020760948382629207
973,1.0,1973.0,0.020760948382628985
974,1.0,1974.0,0.020760948382628763
975,1.0,1975.0,0.020760948382628874
976,1.0,1976.0,0.020760948382628985
977,1.0,1977.0,0.020760948382628985
978,1.0,1978.0,0.020760948382628874
979,1.0,1979.0,0.02076094838262854
980,1.0,1980.0,0.02076094838262843
981,1.0,1981.0,0.02076094838262854
982,1.0,1982.0,0.020760948382628652
983,1.0,1983.0,0.02076094838262854
984,1.0,1984.0,0.02076094838262854
985,1.0,1985.0,0.02076094838262832
986,1.0,1986.0,0.02076094838262843
987,1.0,1987.0,0.020760948382628652
988,1.0,1988.0,0.02076094838262854
989,1.0,1989.0,0.020760948382628208
990,1.0,1990.0,0.020760948382627875
991,1.0,1991.0,0.020760948382627764
992,1.0,1992.0,0.020760948382627875
993,1.0,1993.0,0.020760948382627875
994,1.0,1994.0,0.020760948382627875
995,1.0,1995.0,0.020760948382627764
996,1.0,1996.0,0.020760948382627875
997,1.0,1997.0,0.020760948382627986
998,1.0,1998.0,0.020760948382627986
999,1.0,1999.0,0.020760948382628097
